timestamp,frame,x,y,z,alpha,beta,gamma
2025-07-03T21:28:41.268554,43,0.5860128402709961,5.215785026550293,0.698499858379364,-4.7646722123317886e-08,4.764671857060421e-08,-1.570796251296997
2025-07-03T21:28:41.384931,44,0.5860128402709961,5.215785026550293,0.698499858379364,-4.7646722123317886e-08,4.764671857060421e-08,-1.570796251296997
2025-07-03T21:28:41.495108,45,0.5860128402709961,5.215785026550293,0.698499858379364,-4.7646722123317886e-08,4.764671857060421e-08,-1.570796251296997
2025-07-03T21:28:41.604328,46,0.585515022277832,5.1707868576049805,0.698499858379364,-4.7646722123317886e-08,4.764671857060421e-08,-1.570796251296997
2025-07-03T21:28:41.915383,47,0.5849618911743164,5.120789527893066,0.698499858379364,-4.7646722123317886e-08,4.764671857060421e-08,-1.570796251296997
2025-07-03T21:28:42.126375,48,0.5844078063964844,5.070792198181152,0.6984999179840088,-4.7646722123317886e-08,4.764671857060421e-08,-1.570796251296997
2025-07-03T21:28:42.340837,49,0.5844078063964844,5.070792198181152,0.6984999179840088,-4.7646722123317886e-08,4.764671857060421e-08,-1.570796251296997
2025-07-03T21:28:42.537287,50,0.5838546752929688,5.020796775817871,0.6984999179840088,-4.7646722123317886e-08,4.764671857060421e-08,-1.570796251296997
2025-07-03T21:28:42.751795,51,0.5838546752929688,5.020796775817871,0.6984999179840088,-4.7646722123317886e-08,4.764671857060421e-08,-1.570796251296997
2025-07-03T21:28:42.942683,52,0.5833024978637695,4.97080135345459,0.6984999179840088,-4.7646722123317886e-08,4.764671857060421e-08,-1.570796251296997
2025-07-03T21:28:43.161883,53,0.5827484130859375,4.920802116394043,0.6984999775886536,-4.7646722123317886e-08,4.764671857060421e-08,-1.570796251296997
2025-07-03T21:28:43.378044,54,0.5821943283081055,4.870806694030762,0.6984999775886536,-4.7646722123317886e-08,4.764671857060421e-08,-1.570796251296997
2025-07-03T21:28:43.592005,55,0.5816411972045898,4.8208112716674805,0.6985000371932983,-4.7646722123317886e-08,4.764671857060421e-08,-1.570796251296997
2025-07-03T21:28:43.808411,56,0.5816411972045898,4.8208112716674805,0.6985000371932983,-4.7646722123317886e-08,4.764671857060421e-08,-1.570796251296997
2025-07-03T21:28:44.027237,57,0.5810880661010742,4.770812034606934,0.6985000967979431,-4.7646722123317886e-08,4.764671857060421e-08,-1.570796251296997
2025-07-03T21:28:44.240797,58,0.5805339813232422,4.7208147048950195,0.6985000967979431,-4.7646722123317886e-08,4.764671857060421e-08,-1.570796251296997
2025-07-03T21:28:44.456454,59,0.5799798965454102,4.6708173751831055,0.6985000967979431,-4.7646722123317886e-08,4.764671857060421e-08,-1.570796251296997
2025-07-03T21:28:44.670853,60,0.5799798965454102,4.6708173751831055,0.6985000967979431,-4.7646722123317886e-08,4.764671857060421e-08,-1.570796251296997
2025-07-03T21:28:44.887966,61,0.5799798965454102,4.6708173751831055,0.6985000967979431,-4.7646722123317886e-08,4.764671857060421e-08,-1.570796251296997
2025-07-03T21:28:45.097563,62,0.5794267654418945,4.620821952819824,0.6985001564025879,-4.7646722123317886e-08,4.764671857060421e-08,-1.570796251296997
2025-07-03T21:28:45.317669,63,0.5794267654418945,4.620821952819824,0.6985001564025879,-4.7646722123317886e-08,4.764671857060421e-08,-1.570796251296997
2025-07-03T21:28:45.519713,64,0.5788726806640625,4.57082462310791,0.6985001564025879,-4.7646722123317886e-08,4.764671857060421e-08,-1.570796251296997
2025-07-03T21:28:45.741194,65,0.5788726806640625,4.57082462310791,0.6985001564025879,-4.7646722123317886e-08,4.764671857060421e-08,-1.570796251296997
2025-07-03T21:28:45.959868,66,0.5788726806640625,4.57082462310791,0.6985001564025879,-4.7646722123317886e-08,4.764671857060421e-08,-1.570796251296997
2025-07-03T21:28:46.176247,67,0.5783205032348633,4.520827293395996,0.6985002160072327,-4.7646722123317886e-08,4.764671857060421e-08,-1.570796251296997
2025-07-03T21:28:46.393808,68,0.5783205032348633,4.520827293395996,0.6985002160072327,-4.7646722123317886e-08,4.764671857060421e-08,-1.570796251296997
2025-07-03T21:28:46.614634,69,0.5783205032348633,4.520827293395996,0.6985002160072327,-4.7646722123317886e-08,4.764671857060421e-08,-1.570796251296997
2025-07-03T21:28:46.814810,70,0.5777664184570312,4.470829963684082,0.6985002160072327,-4.7646722123317886e-08,4.764671857060421e-08,-1.570796251296997
2025-07-03T21:28:47.035750,71,0.5777664184570312,4.470829963684082,0.6985002160072327,-4.7646722123317886e-08,4.764671857060421e-08,-1.570796251296997
2025-07-03T21:28:47.249872,72,0.5772123336791992,4.420834541320801,0.6985002160072327,-4.7646722123317886e-08,4.764671857060421e-08,-1.570796251296997
2025-07-03T21:28:47.467477,73,0.5772123336791992,4.420834541320801,0.6985002160072327,-4.7646722123317886e-08,4.764671857060421e-08,-1.570796251296997
2025-07-03T21:28:47.695587,74,0.5766592025756836,4.370837211608887,0.6985002756118774,-4.7646722123317886e-08,4.764671857060421e-08,-1.570796251296997
2025-07-03T21:28:47.912744,75,0.5766592025756836,4.370837211608887,0.6985002756118774,-4.7646722123317886e-08,4.764671857060421e-08,-1.570796251296997
2025-07-03T21:28:48.116582,76,0.5766592025756836,4.370837211608887,0.6985002756118774,-4.7646722123317886e-08,4.764671857060421e-08,-1.570796251296997
2025-07-03T21:28:48.333993,77,0.5766592025756836,4.370837211608887,0.6985002756118774,-4.7646722123317886e-08,4.764671857060421e-08,-1.570796251296997
2025-07-03T21:28:48.534357,78,0.576106071472168,4.3208417892456055,0.6985003352165222,-4.7646722123317886e-08,4.764671857060421e-08,-1.570796251296997
2025-07-03T21:28:48.745430,79,0.576106071472168,4.3208417892456055,0.6985003352165222,-4.7646722123317886e-08,4.764671857060421e-08,-1.570796251296997
2025-07-03T21:28:48.950578,80,0.5755529403686523,4.270842552185059,0.6985003352165222,-4.7646722123317886e-08,4.764671857060421e-08,-1.570796251296997
2025-07-03T21:28:49.162519,81,0.5755529403686523,4.270842552185059,0.6985003352165222,-4.7646722123317886e-08,4.764671857060421e-08,-1.570796251296997
2025-07-03T21:28:49.387071,82,0.5749988555908203,4.220847129821777,0.6985003352165222,-4.7646722123317886e-08,4.764671857060421e-08,-1.570796251296997
2025-07-03T21:28:49.612967,83,0.5749988555908203,4.220847129821777,0.6985003352165222,-4.7646722123317886e-08,4.764671857060421e-08,-1.570796251296997
2025-07-03T21:28:49.833096,84,0.5744447708129883,4.1708478927612305,0.698500394821167,-4.7646722123317886e-08,4.764671857060421e-08,-1.570796251296997
2025-07-03T21:28:50.044584,85,0.5744447708129883,4.1708478927612305,0.698500394821167,-4.7646722123317886e-08,4.764671857060421e-08,-1.570796251296997
2025-07-03T21:28:50.265086,86,0.5744447708129883,4.1708478927612305,0.698500394821167,-4.7646722123317886e-08,4.764671857060421e-08,-1.570796251296997
2025-07-03T21:28:50.484650,87,0.5738925933837891,4.120852470397949,0.6985004544258118,-4.7646722123317886e-08,4.764671857060421e-08,-1.570796251296997
2025-07-03T21:28:50.700404,88,0.5738925933837891,4.120852470397949,0.6985004544258118,-4.7646722123317886e-08,4.764671857060421e-08,-1.570796251296997
2025-07-03T21:28:50.928143,89,0.5738925933837891,4.120852470397949,0.6985004544258118,-4.7646722123317886e-08,4.764671857060421e-08,-1.570796251296997
2025-07-03T21:28:51.146084,90,0.573338508605957,4.070855140686035,0.6985004544258118,-4.7646722123317886e-08,4.764671857060421e-08,-1.570796251296997
2025-07-03T21:28:51.363069,91,0.573338508605957,4.070855140686035,0.6985004544258118,-4.7646722123317886e-08,4.764671857060421e-08,-1.570796251296997
2025-07-03T21:28:51.578674,92,0.5727853775024414,4.020859718322754,0.6985004544258118,-4.7646722123317886e-08,4.764671857060421e-08,-1.570796251296997
2025-07-03T21:28:51.792193,93,0.5727853775024414,4.020859718322754,0.6985004544258118,-4.7646722123317886e-08,4.764671857060421e-08,-1.570796251296997
2025-07-03T21:28:51.982506,94,0.5727853775024414,4.020859718322754,0.6985004544258118,-4.7646722123317886e-08,4.764671857060421e-08,-1.570796251296997
2025-07-03T21:28:52.178249,95,0.5722312927246094,3.97086238861084,0.6985005140304565,-4.7646722123317886e-08,4.764671857060421e-08,-1.570796251296997
2025-07-03T21:28:52.382382,96,0.5722312927246094,3.97086238861084,0.6985005140304565,-4.7646722123317886e-08,4.764671857060421e-08,-1.570796251296997
2025-07-03T21:28:52.582434,97,0.5716791152954102,3.920865058898926,0.6985005140304565,-4.7646722123317886e-08,4.764671857060421e-08,-1.570796251296997
2025-07-03T21:28:52.784557,98,0.5711259841918945,3.8708677291870117,0.6985005736351013,-4.7646722123317886e-08,4.764671857060421e-08,-1.570796251296997
2025-07-03T21:28:52.995768,99,0.5705718994140625,3.820868492126465,0.6985006332397461,-4.7646722123317886e-08,4.764671857060421e-08,-1.570796251296997
2025-07-03T21:28:53.207320,100,0.5705718994140625,3.820868492126465,0.6985006332397461,-4.7646722123317886e-08,4.764671857060421e-08,-1.570796251296997
2025-07-03T21:28:53.428980,101,0.5700178146362305,3.7708749771118164,0.6985006332397461,-4.7646722123317886e-08,4.764671857060421e-08,-1.570796251296997
2025-07-03T21:28:53.646043,102,0.5694637298583984,3.7208757400512695,0.6985006928443909,-4.7646722123317886e-08,4.764671857060421e-08,-1.570796251296997
2025-07-03T21:28:53.868092,103,0.5689115524291992,3.6708803176879883,0.6985006928443909,-4.7646722123317886e-08,4.764671857060421e-08,-1.570796251296997
2025-07-03T21:28:54.086012,104,0.5683584213256836,3.620882987976074,0.6985006928443909,-4.7646722123317886e-08,4.764671857060421e-08,-1.570796251296997
2025-07-03T21:28:54.302499,105,0.5683584213256836,3.620882987976074,0.6985006928443909,-4.7646722123317886e-08,4.764671857060421e-08,-1.570796251296997
2025-07-03T21:28:54.520400,106,0.5678043365478516,3.570887565612793,0.6985008120536804,-4.7646722123317886e-08,4.764671857060421e-08,-1.570796251296997
2025-07-03T21:28:54.738431,107,0.5672502517700195,3.520888328552246,0.6985008120536804,-4.7646722123317886e-08,4.764671857060421e-08,-1.570796251296997
2025-07-03T21:28:54.954215,108,0.5666971206665039,3.470890998840332,0.6985008120536804,-4.7646722123317886e-08,4.764671857060421e-08,-1.570796251296997
2025-07-03T21:28:55.162207,109,0.5666971206665039,3.470890998840332,0.6985008120536804,-4.7646722123317886e-08,4.764671857060421e-08,-1.570796251296997
2025-07-03T21:28:55.384080,110,0.5661439895629883,3.420893669128418,0.6985008716583252,-4.7646722123317886e-08,4.764671857060421e-08,-1.570796251296997
2025-07-03T21:28:55.580645,111,0.5655908584594727,3.3708982467651367,0.6985008716583252,-4.7646722123317886e-08,4.764671857060421e-08,-1.570796251296997
2025-07-03T21:28:55.800488,112,0.5655908584594727,3.3708982467651367,0.6985008716583252,-4.7646722123317886e-08,4.764671857060421e-08,-1.570796251296997
2025-07-03T21:28:56.016391,113,0.5650367736816406,3.3209009170532227,0.6985008716583252,-4.7646722123317886e-08,4.764671857060421e-08,-1.570796251296997
2025-07-03T21:28:56.230219,114,0.5644826889038086,3.2709035873413086,0.69850093126297,-4.7646722123317886e-08,4.764671857060421e-08,-1.570796251296997
2025-07-03T21:28:56.444057,115,0.563929557800293,3.2209062576293945,0.69850093126297,-4.7646722123317886e-08,4.764671857060421e-08,-1.570796251296997
2025-07-03T21:28:56.665165,116,0.563929557800293,3.2209062576293945,0.69850093126297,-4.7646722123317886e-08,4.764671857060421e-08,-1.570796251296997
2025-07-03T21:28:56.881639,117,0.5633754730224609,3.1709108352661133,0.69850093126297,-4.7646722123317886e-08,4.764671857060421e-08,-1.570796251296997
2025-07-03T21:28:57.098458,118,0.5628232955932617,3.120913505554199,0.6985010504722595,-4.7646722123317886e-08,4.764671857060421e-08,-1.570796251296997
2025-07-03T21:28:57.312063,119,0.5628232955932617,3.120913505554199,0.6985010504722595,-4.7646722123317886e-08,4.764671857060421e-08,-1.570796251296997
2025-07-03T21:28:57.526080,120,0.5622682571411133,3.070918083190918,0.6985010504722595,-4.7646722123317886e-08,4.764671857060421e-08,-1.570796251296997
2025-07-03T21:28:57.745322,121,0.5617151260375977,3.020918846130371,0.6985011100769043,-4.7646722123317886e-08,4.764671857060421e-08,-1.570796251296997
2025-07-03T21:28:57.956510,122,0.5611629486083984,2.97092342376709,0.6985011696815491,-4.7646722123317886e-08,4.764671857060421e-08,-1.570796251296997
2025-07-03T21:28:58.174301,123,0.5606088638305664,2.920926094055176,0.6985011696815491,-4.7646722123317886e-08,4.764671857060421e-08,-1.570796251296997
2025-07-03T21:28:58.391668,124,0.5600547790527344,2.8709287643432617,0.6985011696815491,-4.7646722123317886e-08,4.764671857060421e-08,-1.570796251296997
2025-07-03T21:28:58.606508,125,0.5600547790527344,2.8709287643432617,0.6985011696815491,-4.7646722123317886e-08,4.764671857060421e-08,-1.570796251296997
2025-07-03T21:28:58.807015,126,0.5595016479492188,2.820929527282715,0.6985011696815491,-4.7646722123317886e-08,4.764671857060421e-08,-1.570796251296997
2025-07-03T21:28:59.022049,127,0.5595016479492188,2.820929527282715,0.6985011696815491,-4.7646722123317886e-08,4.764671857060421e-08,-1.570796251296997
2025-07-03T21:28:59.242946,128,0.5589494705200195,2.7709341049194336,0.6985011696815491,-4.7646722123317886e-08,4.764671857060421e-08,-1.570796251296997
2025-07-03T21:28:59.451506,129,0.5583944320678711,2.7209386825561523,0.6985012888908386,-4.7646722123317886e-08,4.764671857060421e-08,-1.570796251296997
2025-07-03T21:28:59.658005,130,0.5583944320678711,2.7209386825561523,0.6985012888908386,-4.7646722123317886e-08,4.764671857060421e-08,-1.570796251296997
2025-07-03T21:28:59.876127,131,0.5578422546386719,2.6709413528442383,0.6985012888908386,-4.7646722123317886e-08,4.764671857060421e-08,-1.570796251296997
2025-07-03T21:29:00.094044,132,0.5572891235351562,2.620944023132324,0.6985012888908386,-4.7646722123317886e-08,4.764671857060421e-08,-1.570796251296997
2025-07-03T21:29:00.315068,133,0.5567350387573242,2.57094669342041,0.6985013484954834,-4.7646722123317886e-08,4.764671857060421e-08,-1.570796251296997
2025-07-03T21:29:00.539494,134,0.5561819076538086,2.520949363708496,0.6985014081001282,-4.7646722123317886e-08,4.764671857060421e-08,-1.570796251296997
2025-07-03T21:29:00.761421,135,0.555628776550293,2.470953941345215,0.6985014081001282,-4.7646722123317886e-08,4.764671857060421e-08,-1.570796251296997
2025-07-03T21:29:00.973632,136,0.555628776550293,2.470953941345215,0.6985014081001282,-4.7646722123317886e-08,4.764671857060421e-08,-1.570796251296997
2025-07-03T21:29:01.195428,137,0.5550746917724609,2.420956611633301,0.6985014081001282,-4.7646722123317886e-08,4.764671857060421e-08,-1.570796251296997
2025-07-03T21:29:01.414731,138,0.5545206069946289,2.3709592819213867,0.698501467704773,-4.7646722123317886e-08,4.764671857060421e-08,-1.570796251296997
2025-07-03T21:29:01.626493,139,0.5545206069946289,2.3709592819213867,0.698501467704773,-4.7646722123317886e-08,4.764671857060421e-08,-1.570796251296997
2025-07-03T21:29:01.838850,140,0.5539684295654297,2.3209638595581055,0.6985015273094177,-4.7646722123317886e-08,4.764671857060421e-08,-1.570796251296997
2025-07-03T21:29:02.064870,141,0.5534143447875977,2.2709665298461914,0.6985015273094177,-4.7646722123317886e-08,4.764671857060421e-08,-1.570796251296997
2025-07-03T21:29:02.270690,142,0.5528602600097656,2.2209692001342773,0.6985015273094177,-4.7646722123317886e-08,4.764671857060421e-08,-1.570796251296997
2025-07-03T21:29:02.484407,143,0.5528602600097656,2.2209692001342773,0.6985015273094177,-4.7646722123317886e-08,4.764671857060421e-08,-1.570796251296997
2025-07-03T21:29:02.694620,144,0.5523061752319336,2.1709699630737305,0.6985016465187073,-4.7646722123317886e-08,4.764671857060421e-08,-1.570796251296997
2025-07-03T21:29:02.898784,145,0.5517539978027344,2.120974540710449,0.6985016465187073,-4.7646722123317886e-08,4.764671857060421e-08,-1.570796251296997
2025-07-03T21:29:03.112005,146,0.5517539978027344,2.120974540710449,0.6985016465187073,-4.7646722123317886e-08,4.764671857060421e-08,-1.570796251296997
2025-07-03T21:29:03.324293,147,0.5511989593505859,2.070979118347168,0.6985016465187073,-4.7646722123317886e-08,4.764671857060421e-08,-1.570796251296997
2025-07-03T21:29:03.545593,148,0.5506467819213867,2.020979881286621,0.6985016465187073,-4.7646722123317886e-08,4.764671857060421e-08,-1.570796251296997
2025-07-03T21:29:03.760880,149,0.5506467819213867,2.020979881286621,0.6985016465187073,-4.7646722123317886e-08,4.764671857060421e-08,-1.570796251296997
2025-07-03T21:29:03.978297,150,0.5500926971435547,1.9709824323654175,0.6985016465187073,-4.7646722123317886e-08,4.764671857060421e-08,-1.570796251296997
2025-07-03T21:29:04.195455,151,0.5495386123657227,1.9209851026535034,0.698501706123352,-4.7646722123317886e-08,4.764671857060421e-08,-1.570796251296997
2025-07-03T21:29:04.411460,152,0.5489864349365234,1.8709896802902222,0.6985017657279968,-4.7646722123317886e-08,4.764671857060421e-08,-1.570796251296997
2025-07-03T21:29:04.615331,153,0.5484323501586914,1.820994257926941,0.6985017657279968,-4.7646722123317886e-08,4.764671857060421e-08,-1.570796251296997
2025-07-03T21:29:04.832173,154,0.5478782653808594,1.770995020866394,0.6985018849372864,-4.7646722123317886e-08,4.764671857060421e-08,-1.570796251296997
2025-07-03T21:29:05.052162,155,0.5478782653808594,1.770995020866394,0.6985018849372864,-4.7646722123317886e-08,4.764671857060421e-08,-1.570796251296997
2025-07-03T21:29:05.265941,156,0.5473251342773438,1.7209995985031128,0.6985018849372864,-4.7646722123317886e-08,4.764671857060421e-08,-1.570796251296997
2025-07-03T21:29:05.479591,157,0.5467720031738281,1.6710022687911987,0.6985018849372864,-4.7646722123317886e-08,4.764671857060421e-08,-1.570796251296997
2025-07-03T21:29:05.694719,158,0.5462188720703125,1.6210049390792847,0.6985018849372864,-4.7646722123317886e-08,4.764671857060421e-08,-1.570796251296997
2025-07-03T21:29:05.902520,159,0.5462188720703125,1.6210049390792847,0.6985018849372864,-4.7646722123317886e-08,4.764671857060421e-08,-1.570796251296997
2025-07-03T21:29:06.104287,160,0.5456657409667969,1.5710095167160034,0.6985018849372864,-4.7646722123317886e-08,4.764671857060421e-08,-1.570796251296997
2025-07-03T21:29:06.323280,161,0.5451116561889648,1.5210102796554565,0.6985018849372864,-4.7646722123317886e-08,4.764671857060421e-08,-1.570796251296997
2025-07-03T21:29:06.525118,162,0.5451116561889648,1.5210102796554565,0.6985018849372864,-4.7646722123317886e-08,4.764671857060421e-08,-1.570796251296997
2025-07-03T21:29:06.726932,163,0.5445585250854492,1.4710148572921753,0.6985020041465759,-4.7646722123317886e-08,4.764671857060421e-08,-1.570796251296997
2025-07-03T21:29:06.935826,164,0.5440044403076172,1.4210156202316284,0.6985020041465759,-4.7646722123317886e-08,4.764671857060421e-08,-1.570796251296997
2025-07-03T21:29:07.155980,165,0.543452262878418,1.3710201978683472,0.6985020041465759,-4.7646722123317886e-08,4.764671857060421e-08,-1.570796251296997
2025-07-03T21:29:07.373545,166,0.543452262878418,1.3710201978683472,0.6985020041465759,-4.7646722123317886e-08,4.764671857060421e-08,-1.570796251296997
2025-07-03T21:29:07.577399,167,0.5428981781005859,1.321022868156433,0.6985021233558655,-4.7646722123317886e-08,4.764671857060421e-08,-1.570796251296997
2025-07-03T21:29:07.784560,168,0.5423440933227539,1.2710274457931519,0.6985021233558655,-4.7646722123317886e-08,4.764671857060421e-08,-1.570796251296997
2025-07-03T21:29:08.002711,169,0.5417909622192383,1.2210301160812378,0.6985021233558655,-4.7646722123317886e-08,4.764671857060421e-08,-1.570796251296997
2025-07-03T21:29:08.221267,170,0.5412378311157227,1.1710327863693237,0.6985021829605103,-4.7646722123317886e-08,4.764671857060421e-08,-1.570796251296997
2025-07-03T21:29:08.436200,171,0.540684700012207,1.1210354566574097,0.6985021829605103,-4.7646722123317886e-08,4.764671857060421e-08,-1.570796251296997
2025-07-03T21:29:08.653632,172,0.540130615234375,1.0710362195968628,0.698502242565155,-4.7646722123317886e-08,4.764671857060421e-08,-1.570796251296997
2025-07-03T21:29:08.873128,173,0.540130615234375,1.0710362195968628,0.698502242565155,-4.7646722123317886e-08,4.764671857060421e-08,-1.570796251296997
2025-07-03T21:29:09.085863,174,0.539576530456543,1.0210427045822144,0.698502242565155,-4.7646722123317886e-08,4.764671857060421e-08,-1.570796251296997
2025-07-03T21:29:09.303309,175,0.539576530456543,1.0210427045822144,0.698502242565155,-4.7646722123317886e-08,4.764671857060421e-08,-1.570796251296997
2025-07-03T21:29:09.512874,176,0.5390233993530273,0.9710453748703003,0.698502242565155,-4.7646722123317886e-08,4.764671857060421e-08,-1.570796251296997
2025-07-03T21:29:09.702146,177,0.5384712219238281,0.9210480451583862,0.6985023021697998,-4.7646722123317886e-08,4.764671857060421e-08,-1.570796251296997
2025-07-03T21:29:09.905632,178,0.5384712219238281,0.9210480451583862,0.6985023021697998,-4.7646722123317886e-08,4.764671857060421e-08,-1.570796251296997
2025-07-03T21:29:10.112938,179,0.5379171371459961,0.871052622795105,0.6985023617744446,-4.7646722123317886e-08,4.764671857060421e-08,-1.570796251296997
2025-07-03T21:29:10.309273,180,0.5373630523681641,0.8210533857345581,0.6985023617744446,-4.7646722123317886e-08,4.764671857060421e-08,-1.570796251296997
2025-07-03T21:29:10.535682,181,0.536808967590332,0.771056056022644,0.6985023617744446,-4.7646722123317886e-08,4.764671857060421e-08,-1.570796251296997
2025-07-03T21:29:10.751333,182,0.5362567901611328,0.7210606336593628,0.6985024213790894,-4.7646722123317886e-08,4.764671857060421e-08,-1.570796251296997
2025-07-03T21:29:10.965180,183,0.5362567901611328,0.7210606336593628,0.6985024213790894,-4.7646722123317886e-08,4.764671857060421e-08,-1.570796251296997
2025-07-03T21:29:11.182947,184,0.5357036590576172,0.6710613965988159,0.6985024809837341,-4.7646722123317886e-08,4.764671857060421e-08,-1.570796251296997
2025-07-03T21:29:11.391345,185,0.5351495742797852,0.6210659742355347,0.6985024809837341,-4.7646722123317886e-08,4.764671857060421e-08,-1.570796251296997
2025-07-03T21:29:11.611615,186,0.5345945358276367,0.5710686445236206,0.6985024809837341,-4.7646722123317886e-08,4.764671857060421e-08,-1.570796251296997
2025-07-03T21:29:11.826872,187,0.5345945358276367,0.5710686445236206,0.6985024809837341,-4.7646722123317886e-08,4.764671857060421e-08,-1.570796251296997
2025-07-03T21:29:12.028500,188,0.5340423583984375,0.5210713148117065,0.6985026001930237,-4.7646722123317886e-08,4.764671857060421e-08,-1.570796251296997
2025-07-03T21:29:12.244020,189,0.5334892272949219,0.4710739850997925,0.6985026001930237,-4.7646722123317886e-08,4.764671857060421e-08,-1.570796251296997
2025-07-03T21:29:12.465456,190,0.5329351425170898,0.42108047008514404,0.6985026001930237,-4.7646722123317886e-08,4.764671857060421e-08,-1.570796251296997
2025-07-03T21:29:12.685264,191,0.5323829650878906,0.37108123302459717,0.6985026597976685,-4.7646722123317886e-08,4.764671857060421e-08,-1.570796251296997
2025-07-03T21:29:12.895731,192,0.5318288803100586,0.3210839033126831,0.6985026597976685,-4.7646722123317886e-08,4.764671857060421e-08,-1.570796251296997
2025-07-03T21:29:13.109741,193,0.5318288803100586,0.3210839033126831,0.6985026597976685,-4.7646722123317886e-08,4.764671857060421e-08,-1.570796251296997
2025-07-03T21:29:13.323714,194,0.531275749206543,0.27108657360076904,0.6985026597976685,-4.7646722123317886e-08,4.764671857060421e-08,-1.570796251296997
2025-07-03T21:29:13.526600,195,0.531275749206543,0.27108657360076904,0.6985026597976685,-4.7646722123317886e-08,4.764671857060421e-08,-1.570796251296997
2025-07-03T21:29:13.740534,196,0.5307216644287109,0.22108924388885498,0.6985027194023132,-4.7646722123317886e-08,4.764671857060421e-08,-1.570796251296997
2025-07-03T21:29:13.946361,197,0.5301685333251953,0.17109382152557373,0.6985027194023132,-4.7646722123317886e-08,4.764671857060421e-08,-1.570796251296997
2025-07-03T21:29:14.165829,198,0.5296144485473633,0.12109649181365967,0.6985027194023132,-4.7646722123317886e-08,4.764671857060421e-08,-1.570796251296997
2025-07-03T21:29:14.383576,199,0.5290613174438477,0.07110106945037842,0.6985028386116028,-4.7646722123317886e-08,4.764671857060421e-08,-1.570796251296997
2025-07-03T21:29:14.603058,200,0.528508186340332,0.021101832389831543,0.6985028386116028,-4.7646722123317886e-08,4.764671857060421e-08,-1.570796251296997
2025-07-03T21:29:14.824189,201,0.5279550552368164,-0.028893589973449707,0.6985028386116028,-4.7646722123317886e-08,4.764671857060421e-08,-1.570796251296997
2025-07-03T21:29:15.042554,202,0.527400016784668,-0.07889091968536377,0.6985028982162476,-4.7646722123317886e-08,4.764671857060421e-08,-1.570796251296997
2025-07-03T21:29:15.252256,203,0.5268468856811523,-0.12888824939727783,0.6985028982162476,-4.7646722123317886e-08,4.764671857060421e-08,-1.570796251296997
2025-07-03T21:29:15.464183,204,0.5268468856811523,-0.12888824939727783,0.6985028982162476,-4.7646722123317886e-08,4.764671857060421e-08,-1.570796251296997
2025-07-03T21:29:15.667557,205,0.5262937545776367,-0.1788855791091919,0.6985029578208923,-4.7646722123317886e-08,4.764671857060421e-08,-1.570796251296997
2025-07-03T21:29:15.882213,206,0.5257406234741211,-0.22888100147247314,0.6985029578208923,-4.7646722123317886e-08,4.764671857060421e-08,-1.570796251296997
2025-07-03T21:29:16.087928,207,0.5251865386962891,-0.2788783311843872,0.6985029578208923,-4.7646722123317886e-08,4.764671857060421e-08,-1.570796251296997
2025-07-03T21:29:16.306509,208,0.524632453918457,-0.3288775682449341,0.6985030174255371,-4.7646722123317886e-08,4.764671857060421e-08,-1.570796251296997
2025-07-03T21:29:16.513555,209,0.5240793228149414,-0.37887299060821533,0.6985030770301819,-4.7646722123317886e-08,4.764671857060421e-08,-1.570796251296997
2025-07-03T21:29:16.706500,210,0.5235252380371094,-0.4288684129714966,0.6985030770301819,-4.7646722123317886e-08,4.764671857060421e-08,-1.570796251296997
2025-07-03T21:29:16.921950,211,0.5235252380371094,-0.4288684129714966,0.6985030770301819,-4.7646722123317886e-08,4.764671857060421e-08,-1.570796251296997
2025-07-03T21:29:17.126870,212,0.522972583770752,-0.47886574268341064,0.6985031366348267,-4.7646722123317886e-08,4.764671857060421e-08,-1.570796251296997
2025-07-03T21:29:17.329105,213,0.5224189758300781,-0.5288640260696411,0.6985031962394714,-4.7646722123317886e-08,4.764671857060421e-08,-1.570796251296997
2025-07-03T21:29:17.542621,214,0.5218658447265625,-0.5788613557815552,0.6985031962394714,-4.7646722123317886e-08,4.764671857060421e-08,-1.570796251296997
2025-07-03T21:29:17.760082,215,0.5213127136230469,-0.6288577318191528,0.6985031962394714,-4.7646722123317886e-08,4.764671857060421e-08,-1.570796251296997
2025-07-03T21:29:17.972890,216,0.5207586288452148,-0.6788531541824341,0.6985031962394714,-4.7646722123317886e-08,4.764671857060421e-08,-1.570796251296997
2025-07-03T21:29:18.176260,217,0.5202064514160156,-0.7288514375686646,0.698503315448761,-4.7646722123317886e-08,4.764671857060421e-08,-1.570796251296997
2025-07-03T21:29:18.391666,218,0.5196523666381836,-0.7788468599319458,0.698503315448761,-4.7646722123317886e-08,4.764671857060421e-08,-1.570796251296997
2025-07-03T21:29:18.604465,219,0.5190982818603516,-0.8288470506668091,0.698503315448761,-4.7646722123317886e-08,4.764671857060421e-08,-1.570796251296997
2025-07-03T21:29:18.818133,220,0.5185465812683105,-0.8788424730300903,0.6985033750534058,-4.7646722123317886e-08,4.764671857060421e-08,-1.570796251296997
2025-07-03T21:29:19.038209,221,0.5179924964904785,-0.9288398027420044,0.6985033750534058,-4.7646722123317886e-08,4.764671857060421e-08,-1.570796251296997
2025-07-03T21:29:19.253869,222,0.5174388885498047,-0.9788371324539185,0.6985034346580505,-4.7646722123317886e-08,4.764671857060421e-08,-1.570796251296997
2025-07-03T21:29:19.460832,223,0.5168843269348145,-1.0288325548171997,0.6985034346580505,-4.7646722123317886e-08,4.764671857060421e-08,-1.570796251296997
2025-07-03T21:29:19.674740,224,0.5168843269348145,-1.0288325548171997,0.6985034346580505,-4.7646722123317886e-08,4.764671857060421e-08,-1.570796251296997
2025-07-03T21:29:19.888213,225,0.516331672668457,-1.0788298845291138,0.6985034346580505,-4.7646722123317886e-08,4.764671857060421e-08,-1.570796251296997
2025-07-03T21:29:20.095681,226,0.5157780647277832,-1.1288272142410278,0.6985034346580505,-4.7646722123317886e-08,4.764671857060421e-08,-1.570796251296997
2025-07-03T21:29:20.304946,227,0.5152244567871094,-1.178824543952942,0.6985035538673401,-4.7646722123317886e-08,4.764671857060421e-08,-1.570796251296997
2025-07-03T21:29:20.510013,228,0.5152244567871094,-1.178824543952942,0.6985035538673401,-4.7646722123317886e-08,4.764671857060421e-08,-1.570796251296997
2025-07-03T21:29:20.732060,229,0.5146708488464355,-1.2288199663162231,0.6985035538673401,-4.7646722123317886e-08,4.764671857060421e-08,-1.570796251296997
2025-07-03T21:29:20.938140,230,0.5141181945800781,-1.2788172960281372,0.6985036134719849,-4.7646722123317886e-08,4.764671857060421e-08,-1.570796251296997
2025-07-03T21:29:21.161434,231,0.5135645866394043,-1.3288146257400513,0.6985036134719849,-4.7646722123317886e-08,4.764671857060421e-08,-1.570796251296997
2025-07-03T21:29:21.373191,232,0.5130105018615723,-1.3788119554519653,0.6985036134719849,-4.7646722123317886e-08,4.764671857060421e-08,-1.570796251296997
2025-07-03T21:29:21.596745,233,0.5130105018615723,-1.3788119554519653,0.6985036134719849,-4.7646722123317886e-08,4.764671857060421e-08,-1.570796251296997
2025-07-03T21:29:21.807507,234,0.5124573707580566,-1.428808331489563,0.6985036730766296,-4.7646722123317886e-08,4.764671857060421e-08,-1.570796251296997
2025-07-03T21:29:22.022915,235,0.5119032859802246,-1.4788047075271606,0.6985036730766296,-4.7646722123317886e-08,4.764671857060421e-08,-1.570796251296997
2025-07-03T21:29:22.235464,236,0.511350154876709,-1.5288020372390747,0.6985036730766296,-4.7646722123317886e-08,4.764671857060421e-08,-1.570796251296997
2025-07-03T21:29:22.451189,237,0.510796070098877,-1.5787993669509888,0.6985037922859192,-4.7646722123317886e-08,4.764671857060421e-08,-1.570796251296997
2025-07-03T21:29:22.672190,238,0.510796070098877,-1.5787993669509888,0.6985037922859192,-4.7646722123317886e-08,4.764671857060421e-08,-1.570796251296997
2025-07-03T21:29:22.882437,239,0.5102434158325195,-1.6287966966629028,0.6985037922859192,-4.7646722123317886e-08,4.764671857060421e-08,-1.570796251296997
2025-07-03T21:29:23.095368,240,0.5096888542175293,-1.678792119026184,0.6985037922859192,-4.7646722123317886e-08,4.764671857060421e-08,-1.570796251296997
2025-07-03T21:29:23.315209,241,0.5096888542175293,-1.678792119026184,0.6985037922859192,-4.7646722123317886e-08,4.764671857060421e-08,-1.570796251296997
2025-07-03T21:29:23.525783,242,0.5091352462768555,-1.7287894487380981,0.6985039114952087,-4.7646722123317886e-08,4.764671857060421e-08,-1.570796251296997
2025-07-03T21:29:23.736130,243,0.5085835456848145,-1.778788685798645,0.6985039114952087,-4.7646722123317886e-08,4.764671857060421e-08,-1.570796251296997
2025-07-03T21:29:23.952785,244,0.5085835456848145,-1.778788685798645,0.6985039114952087,-4.7646722123317886e-08,4.764671857060421e-08,-1.570796251296997
2025-07-03T21:29:24.150235,245,0.5080289840698242,-1.8287850618362427,0.6985039114952087,-4.7646722123317886e-08,4.764671857060421e-08,-1.570796251296997
2025-07-03T21:29:24.363943,246,0.5074758529663086,-1.878780484199524,0.6985039114952087,-4.7646722123317886e-08,4.764671857060421e-08,-1.570796251296997
2025-07-03T21:29:24.583360,247,0.506922721862793,-1.928777813911438,0.6985039114952087,-4.7646722123317886e-08,4.764671857060421e-08,-1.570796251296997
2025-07-03T21:29:24.799378,248,0.506922721862793,-1.928777813911438,0.6985039114952087,-4.7646722123317886e-08,4.764671857060421e-08,-1.570796251296997
2025-07-03T21:29:25.011638,249,0.5063700675964355,-1.9787741899490356,0.6985040307044983,-4.7646722123317886e-08,4.764671857060421e-08,-1.570796251296997
2025-07-03T21:29:25.216893,250,0.5058155059814453,-2.02877140045166,0.6985040307044983,-4.7646722123317886e-08,4.764671857060421e-08,-1.570796251296997
2025-07-03T21:29:25.442841,251,0.5052623748779297,-2.0787696838378906,0.6985040307044983,-4.7646722123317886e-08,4.764671857060421e-08,-1.570796251296997
2025-07-03T21:29:25.656747,252,0.5047092437744141,-2.1287660598754883,0.6985040307044983,-4.7646722123317886e-08,4.764671857060421e-08,-1.570796251296997
2025-07-03T21:29:25.871018,253,0.5047092437744141,-2.1287660598754883,0.6985040307044983,-4.7646722123317886e-08,4.764671857060421e-08,-1.570796251296997
2025-07-03T21:29:26.075178,254,0.504155158996582,-2.1787633895874023,0.6985041499137878,-4.7646722123317886e-08,4.764671857060421e-08,-1.570796251296997
2025-07-03T21:29:26.286213,255,0.5036020278930664,-2.228759765625,0.6985041499137878,-4.7646722123317886e-08,4.764671857060421e-08,-1.570796251296997
2025-07-03T21:29:26.499527,256,0.5030484199523926,-2.278757095336914,0.6985041499137878,-4.7646722123317886e-08,4.764671857060421e-08,-1.570796251296997
2025-07-03T21:29:26.713970,257,0.5024948120117188,-2.3287534713745117,0.6985042095184326,-4.7646722123317886e-08,4.764671857060421e-08,-1.570796251296997
2025-07-03T21:29:26.926908,258,0.5024948120117188,-2.3287534713745117,0.6985042095184326,-4.7646722123317886e-08,4.764671857060421e-08,-1.570796251296997
2025-07-03T21:29:27.146622,259,0.5019412040710449,-2.3787498474121094,0.6985042691230774,-4.7646722123317886e-08,4.764671857060421e-08,-1.570796251296997
2025-07-03T21:29:27.347780,260,0.5013880729675293,-2.42874813079834,0.6985042691230774,-4.7646722123317886e-08,4.764671857060421e-08,-1.570796251296997
2025-07-03T21:29:27.571596,261,0.5013880729675293,-2.42874813079834,0.6985042691230774,-4.7646722123317886e-08,4.764671857060421e-08,-1.570796251296997
2025-07-03T21:29:27.786757,262,0.5008339881896973,-2.4787445068359375,0.6985042691230774,-4.7646722123317886e-08,4.764671857060421e-08,-1.570796251296997
2025-07-03T21:29:27.994341,263,0.5002808570861816,-2.528740882873535,0.6985043883323669,-4.7646722123317886e-08,4.764671857060421e-08,-1.570796251296997
2025-07-03T21:29:28.207513,264,0.5002808570861816,-2.528740882873535,0.6985043883323669,-4.7646722123317886e-08,4.764671857060421e-08,-1.570796251296997
2025-07-03T21:29:28.402104,265,0.4997267723083496,-2.578738212585449,0.6985043883323669,-4.7646722123317886e-08,4.764671857060421e-08,-1.570796251296997
2025-07-03T21:29:28.615349,266,0.4991741180419922,-2.628734588623047,0.6985043883323669,-4.7646722123317886e-08,4.764671857060421e-08,-1.570796251296997
2025-07-03T21:29:28.829136,267,0.49862051010131836,-2.6787328720092773,0.6985043883323669,-4.7646722123317886e-08,4.764671857060421e-08,-1.570796251296997
2025-07-03T21:29:29.041703,268,0.49806690216064453,-2.728729248046875,0.6985043883323669,-4.7646722123317886e-08,4.764671857060421e-08,-1.570796251296997
2025-07-03T21:29:29.253890,269,0.4975132942199707,-2.7787256240844727,0.6985044479370117,-4.7646722123317886e-08,4.764671857060421e-08,-1.570796251296997
2025-07-03T21:29:29.466945,270,0.49695920944213867,-2.8287229537963867,0.6985045075416565,-4.7646722123317886e-08,4.764671857060421e-08,-1.570796251296997
2025-07-03T21:29:29.692786,271,0.49695920944213867,-2.8287229537963867,0.6985045075416565,-4.7646722123317886e-08,4.764671857060421e-08,-1.570796251296997
2025-07-03T21:29:29.912627,272,0.49640607833862305,-2.878720283508301,0.6985045075416565,-4.7646722123317886e-08,4.764671857060421e-08,-1.570796251296997
2025-07-03T21:29:30.131206,273,0.4958524703979492,-2.928715705871582,0.6985045671463013,-4.7646722123317886e-08,4.764671857060421e-08,-1.570796251296997
2025-07-03T21:29:30.340579,274,0.4952988624572754,-2.978713035583496,0.698504626750946,-4.7646722123317886e-08,4.764671857060421e-08,-1.570796251296997
2025-07-03T21:29:30.537452,275,0.4947471618652344,-3.02871036529541,0.698504626750946,-4.7646722123317886e-08,4.764671857060421e-08,-1.570796251296997
2025-07-03T21:29:30.751423,276,0.4947471618652344,-3.02871036529541,0.698504626750946,-4.7646722123317886e-08,4.764671857060421e-08,-1.570796251296997
2025-07-03T21:29:30.948922,277,0.49419260025024414,-3.078706741333008,0.6985046863555908,-4.7646722123317886e-08,4.764671857060421e-08,-1.570796251296997
2025-07-03T21:29:31.155266,278,0.4936385154724121,-3.128706932067871,0.6985046863555908,-4.7646722123317886e-08,4.764671857060421e-08,-1.570796251296997
2025-07-03T21:29:31.371029,279,0.4936385154724121,-3.128706932067871,0.6985046863555908,-4.7646722123317886e-08,4.764671857060421e-08,-1.570796251296997
2025-07-03T21:29:31.587655,280,0.4930863380432129,-3.1787004470825195,0.6985046863555908,-4.7646722123317886e-08,4.764671857060421e-08,-1.570796251296997
2025-07-03T21:29:31.809829,281,0.49253273010253906,-3.2286977767944336,0.6985047459602356,-4.7646722123317886e-08,4.764671857060421e-08,-1.570796251296997
2025-07-03T21:29:32.026143,282,0.49197959899902344,-3.2786951065063477,0.6985047459602356,-4.7646722123317886e-08,4.764671857060421e-08,-1.570796251296997
2025-07-03T21:29:32.245826,283,0.4914259910583496,-3.3286924362182617,0.6985047459602356,-4.7646722123317886e-08,4.764671857060421e-08,-1.570796251296997
2025-07-03T21:29:32.461214,284,0.4908723831176758,-3.378687858581543,0.6985048651695251,-4.7646722123317886e-08,4.764671857060421e-08,-1.570796251296997
2025-07-03T21:29:32.675122,285,0.4908723831176758,-3.378687858581543,0.6985048651695251,-4.7646722123317886e-08,4.764671857060421e-08,-1.570796251296997
2025-07-03T21:29:32.889182,286,0.49031877517700195,-3.4286861419677734,0.6985048651695251,-4.7646722123317886e-08,4.764671857060421e-08,-1.570796251296997
2025-07-03T21:29:33.106422,287,0.4897651672363281,-3.478682518005371,0.6985048651695251,-4.7646722123317886e-08,4.764671857060421e-08,-1.570796251296997
2025-07-03T21:29:33.319273,288,0.4892115592956543,-3.528679847717285,0.6985049247741699,-4.7646722123317886e-08,4.764671857060421e-08,-1.570796251296997
2025-07-03T21:29:33.532253,289,0.4886589050292969,-3.578677177429199,0.6985049247741699,-4.7646722123317886e-08,4.764671857060421e-08,-1.570796251296997
2025-07-03T21:29:33.745955,290,0.4886589050292969,-3.578677177429199,0.6985049247741699,-4.7646722123317886e-08,4.764671857060421e-08,-1.570796251296997
2025-07-03T21:29:33.956205,291,0.48810434341430664,-3.628673553466797,0.6985049843788147,-4.7646722123317886e-08,4.764671857060421e-08,-1.570796251296997
2025-07-03T21:29:34.154687,292,0.487551212310791,-3.6786699295043945,0.6985049843788147,-4.7646722123317886e-08,4.764671857060421e-08,-1.570796251296997
2025-07-03T21:29:34.364522,293,0.4869976043701172,-3.728668212890625,0.6985049843788147,-4.7646722123317886e-08,4.764671857060421e-08,-1.570796251296997
2025-07-03T21:29:34.574126,294,0.4869976043701172,-3.728668212890625,0.6985049843788147,-4.7646722123317886e-08,4.764671857060421e-08,-1.570796251296997
2025-07-03T21:29:34.772010,295,0.48644447326660156,-3.7786664962768555,0.6985050439834595,-4.7646722123317886e-08,4.764671857060421e-08,-1.570796251296997
2025-07-03T21:29:34.984939,296,0.48644447326660156,-3.7786664962768555,0.6985050439834595,-4.7646722123317886e-08,4.764671857060421e-08,-1.570796251296997
2025-07-03T21:29:35.202058,297,0.48589038848876953,-3.828660011291504,0.6985051035881042,-4.7646722123317886e-08,4.764671857060421e-08,-1.570796251296997
2025-07-03T21:29:35.421550,298,0.4853367805480957,-3.878659248352051,0.6985051035881042,-4.7646722123317886e-08,4.764671857060421e-08,-1.570796251296997
2025-07-03T21:29:35.627834,299,0.4847841262817383,-3.928656578063965,0.6985051035881042,-4.7646722123317886e-08,4.764671857060421e-08,-1.570796251296997
2025-07-03T21:29:35.842231,300,0.48423051834106445,-3.978652000427246,0.698505163192749,-4.7646722123317886e-08,4.764671857060421e-08,-1.570796251296997
2025-07-03T21:29:36.056527,301,0.48423051834106445,-3.978652000427246,0.698505163192749,-4.7646722123317886e-08,4.764671857060421e-08,-1.570796251296997
2025-07-03T21:29:36.268710,302,0.4836764335632324,-4.02864933013916,0.698505163192749,-4.7646722123317886e-08,4.764671857060421e-08,-1.570796251296997
2025-07-03T21:29:36.479758,303,0.4831233024597168,-4.078646659851074,0.6985052227973938,-4.7646722123317886e-08,4.764671857060421e-08,-1.570796251296997
2025-07-03T21:29:36.691040,304,0.48256969451904297,-4.128643035888672,0.6985052227973938,-4.7646722123317886e-08,4.764671857060421e-08,-1.570796251296997
2025-07-03T21:29:36.905696,305,0.48201608657836914,-4.1786394119262695,0.6985052824020386,-4.7646722123317886e-08,4.764671857060421e-08,-1.570796251296997
2025-07-03T21:29:37.111048,306,0.48201608657836914,-4.1786394119262695,0.6985052824020386,-4.7646722123317886e-08,4.764671857060421e-08,-1.570796251296997
2025-07-03T21:29:37.325890,307,0.4814634323120117,-4.228636741638184,0.6985052824020386,-4.7646722123317886e-08,4.764671857060421e-08,-1.570796251296997
2025-07-03T21:29:37.540197,308,0.4809103012084961,-4.278634071350098,0.6985053420066833,-4.7646722123317886e-08,4.764671857060421e-08,-1.570796251296997
2025-07-03T21:29:37.746886,309,0.48035621643066406,-4.328629493713379,0.6985054016113281,-4.7646722123317886e-08,4.764671857060421e-08,-1.570796251296997
2025-07-03T21:29:37.945221,310,0.48035621643066406,-4.328629493713379,0.6985054016113281,-4.7646722123317886e-08,4.764671857060421e-08,-1.570796251296997
2025-07-03T21:29:38.165062,311,0.47980356216430664,-4.378628730773926,0.6985054016113281,-4.7646722123317886e-08,4.764671857060421e-08,-1.570796251296997
2025-07-03T21:29:38.367983,312,0.4792490005493164,-4.428624153137207,0.6985054612159729,-4.7646722123317886e-08,4.764671857060421e-08,-1.570796251296997
2025-07-03T21:29:38.557725,313,0.4786958694458008,-4.478621482849121,0.6985054612159729,-4.7646722123317886e-08,4.764671857060421e-08,-1.570796251296997
2025-07-03T21:29:38.771496,314,0.4786958694458008,-4.478621482849121,0.6985054612159729,-4.7646722123317886e-08,4.764671857060421e-08,-1.570796251296997
2025-07-03T21:29:38.978941,315,0.47814226150512695,-4.528618812561035,0.6985054612159729,-4.7646722123317886e-08,4.764671857060421e-08,-1.570796251296997
2025-07-03T21:29:39.195755,316,0.4775881767272949,-4.578615188598633,0.6985054612159729,-4.7646722123317886e-08,4.764671857060421e-08,-1.570796251296997
2025-07-03T21:29:39.405280,317,0.4770345687866211,-4.628613471984863,0.6985055804252625,-4.7646722123317886e-08,4.764671857060421e-08,-1.570796251296997
2025-07-03T21:29:39.620321,318,0.47648191452026367,-4.6786088943481445,0.6985055804252625,-4.7646722123317886e-08,4.764671857060421e-08,-1.570796251296997
2025-07-03T21:29:39.835711,319,0.47592830657958984,-4.728605270385742,0.6985055804252625,-4.7646722123317886e-08,4.764671857060421e-08,-1.570796251296997
2025-07-03T21:29:40.031663,320,0.475374698638916,-4.77860164642334,0.6985056400299072,-4.7646722123317886e-08,4.764671857060421e-08,-1.570796251296997
2025-07-03T21:29:40.247845,321,0.4748210906982422,-4.828600883483887,0.6985056400299072,-4.7646722123317886e-08,4.764671857060421e-08,-1.570796251296997
2025-07-03T21:29:40.461947,322,0.47426795959472656,-4.878598213195801,0.698505699634552,-4.7646722123317886e-08,4.764671857060421e-08,-1.570796251296997
2025-07-03T21:29:40.673953,323,0.47426795959472656,-4.878598213195801,0.698505699634552,-4.7646722123317886e-08,4.764671857060421e-08,-1.570796251296997
2025-07-03T21:29:40.868972,324,0.47371482849121094,-4.928593635559082,0.698505699634552,-4.7646722123317886e-08,4.764671857060421e-08,-1.570796251296997
2025-07-03T21:29:41.085705,325,0.4731612205505371,-4.978590965270996,0.698505699634552,-4.7646722123317886e-08,4.764671857060421e-08,-1.570796251296997
2025-07-03T21:29:41.299695,326,0.4726071357727051,-5.02858829498291,0.6985058188438416,-4.7646722123317886e-08,4.764671857060421e-08,-1.570796251296997
2025-07-03T21:29:41.501454,327,0.47205400466918945,-5.078585624694824,0.6985058188438416,-4.7646722123317886e-08,4.764671857060421e-08,-1.570796251296997
2025-07-03T21:29:41.715668,328,0.47205400466918945,-5.078585624694824,0.6985058188438416,-4.7646722123317886e-08,4.764671857060421e-08,-1.570796251296997
2025-07-03T21:29:41.927765,329,0.4714999198913574,-5.128582000732422,0.6985058188438416,-4.7646722123317886e-08,4.764671857060421e-08,-1.570796251296997
2025-07-03T21:29:42.124772,330,0.470947265625,-5.1785783767700195,0.6985059380531311,-4.7646722123317886e-08,4.764671857060421e-08,-1.570796251296997
2025-07-03T21:29:42.350710,331,0.47039270401000977,-5.228574752807617,0.6985059380531311,-4.7646722123317886e-08,4.764671857060421e-08,-1.570796251296997
2025-07-03T21:29:42.566477,332,0.46983957290649414,-5.278573036193848,0.6985059380531311,-4.7646722123317886e-08,4.764671857060421e-08,-1.570796251296997
2025-07-03T21:29:42.773258,333,0.4692869186401367,-5.328570365905762,0.6985059380531311,-4.7646722123317886e-08,4.764671857060421e-08,-1.570796251296997
2025-07-03T21:29:42.980907,334,0.4687328338623047,-5.378566741943359,0.6985059380531311,-4.7646722123317886e-08,4.764671857060421e-08,-1.570796251296997
2025-07-03T21:29:43.184664,335,0.46818017959594727,-5.428563117980957,0.6985060572624207,-4.7646722123317886e-08,4.764671857060421e-08,-1.570796251296997
2025-07-03T21:29:43.394086,336,0.46762609481811523,-5.478560447692871,0.6985060572624207,-4.7646722123317886e-08,4.764671857060421e-08,-1.570796251296997
2025-07-03T21:29:43.608985,337,0.4670724868774414,-5.528557777404785,0.6985060572624207,-4.7646722123317886e-08,4.764671857060421e-08,-1.570796251296997
2025-07-03T21:29:43.825082,338,0.4665193557739258,-5.578555107116699,0.6985061168670654,-4.7646722123317886e-08,4.764671857060421e-08,-1.570796251296997
2025-07-03T21:29:44.031753,339,0.46596574783325195,-5.628551483154297,0.6985061764717102,-4.7646722123317886e-08,4.764671857060421e-08,-1.570796251296997
2025-07-03T21:29:44.236932,340,0.46596574783325195,-5.628551483154297,0.6985061764717102,-4.7646722123317886e-08,4.764671857060421e-08,-1.570796251296997
2025-07-03T21:29:44.445981,341,0.46541261672973633,-5.678548812866211,0.6985061764717102,-4.7646722123317886e-08,4.764671857060421e-08,-1.570796251296997
2025-07-03T21:29:44.647503,342,0.4648585319519043,-5.728546142578125,0.6985061764717102,-4.7646722123317886e-08,4.764671857060421e-08,-1.570796251296997
2025-07-03T21:29:44.861825,343,0.4643058776855469,-5.778541564941406,0.6985061764717102,-4.7646722123317886e-08,4.764671857060421e-08,-1.570796251296997
2025-07-03T21:29:45.052187,344,0.4643058776855469,-5.778541564941406,0.6985061764717102,-4.7646722123317886e-08,4.764671857060421e-08,-1.570796251296997
2025-07-03T21:29:45.253463,345,0.46375179290771484,-5.828539848327637,0.698506236076355,-4.7646722123317886e-08,4.764671857060421e-08,-1.570796251296997
2025-07-03T21:29:45.474530,346,0.4631986618041992,-5.878536224365234,0.6985062956809998,-4.7646722123317886e-08,4.764671857060421e-08,-1.570796251296997
2025-07-03T21:29:45.660380,347,0.4626455307006836,-5.928534507751465,0.6985062956809998,-4.7646722123317886e-08,4.764671857060421e-08,-1.570796251296997
2025-07-03T21:29:45.879299,348,0.46209144592285156,-5.978529930114746,0.6985062956809998,-4.7646722123317886e-08,4.764671857060421e-08,-1.570796251296997
2025-07-03T21:29:46.094251,349,0.46209144592285156,-5.978529930114746,0.6985062956809998,-4.7646722123317886e-08,4.764671857060421e-08,-1.570796251296997
2025-07-03T21:29:46.301683,350,0.46153783798217773,-6.02852725982666,0.6985064148902893,-4.7646722123317886e-08,4.764671857060421e-08,-1.570796251296997
2025-07-03T21:29:46.518823,351,0.4609847068786621,-6.078524589538574,0.6985064148902893,-4.7646722123317886e-08,4.764671857060421e-08,-1.570796251296997
2025-07-03T21:29:46.733983,352,0.4604310989379883,-6.128521919250488,0.6985064148902893,-4.7646722123317886e-08,4.764671857060421e-08,-1.570796251296997
2025-07-03T21:29:46.949346,353,0.4604310989379883,-6.128521919250488,0.6985064148902893,-4.7646722123317886e-08,4.764671857060421e-08,-1.570796251296997
2025-07-03T21:29:47.164522,354,0.45987796783447266,-6.1785173416137695,0.6985064148902893,-4.7646722123317886e-08,4.764671857060421e-08,-1.570796251296997
2025-07-03T21:29:47.378624,355,0.45932483673095703,-6.228514671325684,0.6985064148902893,-4.7646722123317886e-08,4.764671857060421e-08,-1.570796251296997
2025-07-03T21:29:47.588127,356,0.45932483673095703,-6.228514671325684,0.6985064148902893,-4.7646722123317886e-08,4.764671857060421e-08,-1.570796251296997
2025-07-03T21:29:47.793242,357,0.458770751953125,-6.278510093688965,0.6985065340995789,-4.7646722123317886e-08,4.764671857060421e-08,-1.570796251296997
2025-07-03T21:29:48.011054,358,0.45821714401245117,-6.328509330749512,0.6985065340995789,-4.7646722123317886e-08,4.764671857060421e-08,-1.570796251296997
2025-07-03T21:29:48.216955,359,0.45821714401245117,-6.328509330749512,0.6985065340995789,-4.7646722123317886e-08,4.764671857060421e-08,-1.570796251296997
2025-07-03T21:29:48.433974,360,0.45766448974609375,-6.378506660461426,0.6985065340995789,-4.7646722123317886e-08,4.764671857060421e-08,-1.570796251296997
2025-07-03T21:29:48.651665,361,0.4571099281311035,-6.428501129150391,0.6985066533088684,-4.7646722123317886e-08,4.764671857060421e-08,-1.570796251296997
2025-07-03T21:29:48.849932,362,0.4565567970275879,-6.478499412536621,0.6985066533088684,-4.7646722123317886e-08,4.764671857060421e-08,-1.570796251296997
2025-07-03T21:29:49.063156,363,0.4565567970275879,-6.478499412536621,0.6985066533088684,-4.7646722123317886e-08,4.764671857060421e-08,-1.570796251296997
2025-07-03T21:29:49.277822,364,0.45600318908691406,-6.528496742248535,0.6985066533088684,-4.7646722123317886e-08,4.764671857060421e-08,-1.570796251296997
2025-07-03T21:29:49.495974,365,0.45545005798339844,-6.578494071960449,0.6985066533088684,-4.7646722123317886e-08,4.764671857060421e-08,-1.570796251296997
2025-07-03T21:29:49.712946,366,0.4548959732055664,-6.628491401672363,0.6985066533088684,-4.7646722123317886e-08,4.764671857060421e-08,-1.570796251296997
2025-07-03T21:29:49.929350,367,0.454343318939209,-6.6784868240356445,0.698506772518158,-4.7646722123317886e-08,4.764671857060421e-08,-1.570796251296997
2025-07-03T21:29:50.154680,368,0.454343318939209,-6.6784868240356445,0.698506772518158,-4.7646722123317886e-08,4.764671857060421e-08,-1.570796251296997
2025-07-03T21:29:50.364522,369,0.45378923416137695,-6.728483200073242,0.698506772518158,-4.7646722123317886e-08,4.764671857060421e-08,-1.570796251296997
2025-07-03T21:29:50.584352,370,0.45323610305786133,-6.778481483459473,0.698506772518158,-4.7646722123317886e-08,4.764671857060421e-08,-1.570796251296997
2025-07-03T21:29:50.800885,371,0.45323610305786133,-6.778481483459473,0.698506772518158,-4.7646722123317886e-08,4.764671857060421e-08,-1.570796251296997
2025-07-03T21:29:51.020985,372,0.4526824951171875,-6.828479766845703,0.698506772518158,-4.7646722123317886e-08,4.764671857060421e-08,-1.570796251296997
2025-07-03T21:29:51.234937,373,0.4521293640136719,-6.878474235534668,0.6985068917274475,-4.7646722123317886e-08,4.764671857060421e-08,-1.570796251296997
2025-07-03T21:29:51.448489,374,0.45157575607299805,-6.928471565246582,0.6985068917274475,-4.7646722123317886e-08,4.764671857060421e-08,-1.570796251296997
2025-07-03T21:29:51.663391,375,0.4510221481323242,-6.978468894958496,0.6985068917274475,-4.7646722123317886e-08,4.764671857060421e-08,-1.570796251296997
2025-07-03T21:29:51.879738,376,0.4510221481323242,-6.978468894958496,0.6985068917274475,-4.7646722123317886e-08,4.764671857060421e-08,-1.570796251296997
2025-07-03T21:29:52.078469,377,0.4504685401916504,-7.02846622467041,0.6985069513320923,-4.7646722123317886e-08,4.764671857060421e-08,-1.570796251296997
2025-07-03T21:29:52.296530,378,0.44991540908813477,-7.078463554382324,0.6985069513320923,-4.7646722123317886e-08,4.764671857060421e-08,-1.570796251296997
2025-07-03T21:29:52.527644,379,0.44936180114746094,-7.128460884094238,0.6985070109367371,-4.7646722123317886e-08,4.764671857060421e-08,-1.570796251296997
2025-07-03T21:29:52.728026,380,0.4488091468811035,-7.178455352783203,0.6985070109367371,-4.7646722123317886e-08,4.764671857060421e-08,-1.570796251296997
2025-07-03T21:29:52.946419,381,0.4488091468811035,-7.178455352783203,0.6985070109367371,-4.7646722123317886e-08,4.764671857060421e-08,-1.570796251296997
2025-07-03T21:29:53.156425,382,0.4482550621032715,-7.22845458984375,0.6985070705413818,-4.7646722123317886e-08,4.764671857060421e-08,-1.570796251296997
2025-07-03T21:29:53.369528,383,0.44770145416259766,-7.278450965881348,0.6985070705413818,-4.7646722123317886e-08,4.764671857060421e-08,-1.570796251296997
2025-07-03T21:29:53.587824,384,0.44714784622192383,-7.328447341918945,0.6985071301460266,-4.7646722123317886e-08,4.764671857060421e-08,-1.570796251296997
2025-07-03T21:29:53.806795,385,0.44714784622192383,-7.328447341918945,0.6985071301460266,-4.7646722123317886e-08,4.764671857060421e-08,-1.570796251296997
2025-07-03T21:29:54.023759,386,0.4465947151184082,-7.378444671630859,0.6985071301460266,-4.7646722123317886e-08,4.764671857060421e-08,-1.570796251296997
2025-07-03T21:29:54.246924,387,0.44604063034057617,-7.428441047668457,0.6985071301460266,-4.7646722123317886e-08,4.764671857060421e-08,-1.570796251296997
2025-07-03T21:29:54.469564,388,0.44548749923706055,-7.478438377380371,0.6985071897506714,-4.7646722123317886e-08,4.764671857060421e-08,-1.570796251296997
2025-07-03T21:29:54.685973,389,0.4449343681335449,-7.528435707092285,0.6985072493553162,-4.7646722123317886e-08,4.764671857060421e-08,-1.570796251296997
2025-07-03T21:29:54.894063,390,0.4443807601928711,-7.578431129455566,0.6985072493553162,-4.7646722123317886e-08,4.764671857060421e-08,-1.570796251296997
2025-07-03T21:29:55.117774,391,0.44382667541503906,-7.628429412841797,0.6985072493553162,-4.7646722123317886e-08,4.764671857060421e-08,-1.570796251296997
2025-07-03T21:29:55.331363,392,0.44382667541503906,-7.628429412841797,0.6985072493553162,-4.7646722123317886e-08,4.764671857060421e-08,-1.570796251296997
2025-07-03T21:29:55.544462,393,0.44327354431152344,-7.678426742553711,0.6985073089599609,-4.7646722123317886e-08,4.764671857060421e-08,-1.570796251296997
2025-07-03T21:29:55.753817,394,0.44327354431152344,-7.678426742553711,0.6985073089599609,-4.7646722123317886e-08,4.764671857060421e-08,-1.570796251296997
2025-07-03T21:29:55.955212,395,0.4427199363708496,-7.728423118591309,0.6985073089599609,-4.7646722123317886e-08,4.764671857060421e-08,-1.570796251296997
2025-07-03T21:29:56.174183,396,0.4421663284301758,-7.778419494628906,0.6985073685646057,-4.7646722123317886e-08,4.764671857060421e-08,-1.570796251296997
2025-07-03T21:29:56.387381,397,0.44161319732666016,-7.82841682434082,0.6985074281692505,-4.7646722123317886e-08,4.764671857060421e-08,-1.570796251296997
2025-07-03T21:29:56.602770,398,0.4410591125488281,-7.878415107727051,0.6985074281692505,-4.7646722123317886e-08,4.764671857060421e-08,-1.570796251296997
2025-07-03T21:29:56.820346,399,0.4405059814453125,-7.928410530090332,0.6985074877738953,-4.7646722123317886e-08,4.764671857060421e-08,-1.570796251296997
2025-07-03T21:29:57.041164,400,0.4405059814453125,-7.928410530090332,0.6985074877738953,-4.7646722123317886e-08,4.764671857060421e-08,-1.570796251296997
2025-07-03T21:29:57.267370,401,0.4399533271789551,-7.978407859802246,0.6985074877738953,-4.7646722123317886e-08,4.764671857060421e-08,-1.570796251296997
2025-07-03T21:29:57.477938,402,0.43939971923828125,-8.028404235839844,0.6985074877738953,-4.7646722123317886e-08,4.764671857060421e-08,-1.570796251296997
2025-07-03T21:29:57.694965,403,0.4388461112976074,-8.078401565551758,0.6985076069831848,-4.7646722123317886e-08,4.764671857060421e-08,-1.570796251296997
2025-07-03T21:29:57.908974,404,0.4382925033569336,-8.128399848937988,0.6985076069831848,-4.7646722123317886e-08,4.764671857060421e-08,-1.570796251296997
2025-07-03T21:29:58.119906,405,0.4382925033569336,-8.128399848937988,0.6985076069831848,-4.7646722123317886e-08,4.764671857060421e-08,-1.570796251296997
2025-07-03T21:29:58.335859,406,0.43773889541625977,-8.178394317626953,0.6985076069831848,-4.7646722123317886e-08,4.764671857060421e-08,-1.570796251296997
2025-07-03T21:29:58.542140,407,0.43718576431274414,-8.228391647338867,0.6985076665878296,-4.7646722123317886e-08,4.764671857060421e-08,-1.570796251296997
2025-07-03T21:29:58.761557,408,0.4366316795349121,-8.278389930725098,0.6985076665878296,-4.7646722123317886e-08,4.764671857060421e-08,-1.570796251296997
2025-07-03T21:29:58.974956,409,0.4360780715942383,-8.328387260437012,0.6985076665878296,-4.7646722123317886e-08,4.764671857060421e-08,-1.570796251296997
2025-07-03T21:29:59.161569,410,0.4360780715942383,-8.328387260437012,0.6985076665878296,-4.7646722123317886e-08,4.764671857060421e-08,-1.570796251296997
2025-07-03T21:29:59.386099,411,0.43552494049072266,-8.378384590148926,0.6985077261924744,-4.7646722123317886e-08,4.764671857060421e-08,-1.570796251296997
2025-07-03T21:29:59.603832,412,0.43497133255004883,-8.428380012512207,0.6985077261924744,-4.7646722123317886e-08,4.764671857060421e-08,-1.570796251296997
2025-07-03T21:29:59.813929,413,0.4344186782836914,-8.478377342224121,0.6985077857971191,-4.7646722123317886e-08,4.764671857060421e-08,-1.570796251296997
2025-07-03T21:30:00.023358,414,0.4338648319244385,-8.528374671936035,0.6985078454017639,-4.7646722123317886e-08,4.764671857060421e-08,-1.570796251296997
2025-07-03T21:30:00.237181,415,0.43331122398376465,-8.57837200164795,0.6985078454017639,-4.7646722123317886e-08,4.764671857060421e-08,-1.570796251296997
2025-07-03T21:30:00.455135,416,0.43331122398376465,-8.57837200164795,0.6985078454017639,-4.7646722123317886e-08,4.764671857060421e-08,-1.570796251296997
2025-07-03T21:30:00.661700,417,0.4327578544616699,-8.628368377685547,0.6985079050064087,-4.7646722123317886e-08,4.764671857060421e-08,-1.570796251296997
2025-07-03T21:30:00.877845,418,0.4322042465209961,-8.678364753723145,0.6985079646110535,-4.7646722123317886e-08,4.764671857060421e-08,-1.570796251296997
2025-07-03T21:30:01.100221,419,0.43165040016174316,-8.728362083435059,0.6985079646110535,-4.7646722123317886e-08,4.764671857060421e-08,-1.570796251296997
2025-07-03T21:30:01.316087,420,0.43109774589538574,-8.778360366821289,0.6985079646110535,-4.7646722123317886e-08,4.764671857060421e-08,-1.570796251296997
2025-07-03T21:30:01.540006,421,0.43109774589538574,-8.778360366821289,0.6985079646110535,-4.7646722123317886e-08,4.764671857060421e-08,-1.570796251296997
2025-07-03T21:30:01.765139,422,0.4305438995361328,-8.82835578918457,0.6985079646110535,-4.7646722123317886e-08,4.764671857060421e-08,-1.570796251296997
2025-07-03T21:30:01.984359,423,0.4299905300140381,-8.8783540725708,0.6985079646110535,-4.7646722123317886e-08,4.764671857060421e-08,-1.570796251296997
2025-07-03T21:30:02.200938,424,0.42943716049194336,-8.928349494934082,0.698508083820343,-4.7646722123317886e-08,4.764671857060421e-08,-1.570796251296997
2025-07-03T21:30:02.410464,425,0.42888331413269043,-8.978346824645996,0.698508083820343,-4.7646722123317886e-08,4.764671857060421e-08,-1.570796251296997
2025-07-03T21:30:02.615692,426,0.42888331413269043,-8.978346824645996,0.698508083820343,-4.7646722123317886e-08,4.764671857060421e-08,-1.570796251296997
2025-07-03T21:30:02.839520,427,0.4283301830291748,-9.02834415435791,0.6985081434249878,-4.7646722123317886e-08,4.764671857060421e-08,-1.570796251296997
2025-07-03T21:30:03.035323,428,0.427776575088501,-9.078340530395508,0.6985081434249878,-4.7646722123317886e-08,4.764671857060421e-08,-1.570796251296997
2025-07-03T21:30:03.238940,429,0.427776575088501,-9.078340530395508,0.6985081434249878,-4.7646722123317886e-08,4.764671857060421e-08,-1.570796251296997
2025-07-03T21:30:03.450385,430,0.42722320556640625,-9.128337860107422,0.6985082030296326,-4.7646722123317886e-08,4.764671857060421e-08,-1.570796251296997
2025-07-03T21:30:03.664271,431,0.4266695976257324,-9.178335189819336,0.6985082030296326,-4.7646722123317886e-08,4.764671857060421e-08,-1.570796251296997
2025-07-03T21:30:03.868524,432,0.4261159896850586,-9.228331565856934,0.6985082030296326,-4.7646722123317886e-08,4.764671857060421e-08,-1.570796251296997
2025-07-03T21:30:04.079268,433,0.42556285858154297,-9.278327941894531,0.6985082030296326,-4.7646722123317886e-08,4.764671857060421e-08,-1.570796251296997
2025-07-03T21:30:04.293269,434,0.42500925064086914,-9.328325271606445,0.6985083222389221,-4.7646722123317886e-08,4.764671857060421e-08,-1.570796251296997
2025-07-03T21:30:04.500878,435,0.42500925064086914,-9.328325271606445,0.6985083222389221,-4.7646722123317886e-08,4.764671857060421e-08,-1.570796251296997
2025-07-03T21:30:04.712919,436,0.4244558811187744,-9.37832260131836,0.6985083222389221,-4.7646722123317886e-08,4.764671857060421e-08,-1.570796251296997
2025-07-03T21:30:04.923278,437,0.4239017963409424,-9.428318977355957,0.6985083222389221,-4.7646722123317886e-08,4.764671857060421e-08,-1.570796251296997
2025-07-03T21:30:05.135733,438,0.42334890365600586,-9.478315353393555,0.6985083818435669,-4.7646722123317886e-08,4.764671857060421e-08,-1.570796251296997
2025-07-03T21:30:05.354550,439,0.42279505729675293,-9.528313636779785,0.6985083818435669,-4.7646722123317886e-08,4.764671857060421e-08,-1.570796251296997
2025-07-03T21:30:05.573661,440,0.4222416877746582,-9.578309059143066,0.6985084414482117,-4.7646722123317886e-08,4.764671857060421e-08,-1.570796251296997
2025-07-03T21:30:05.793523,441,0.4222416877746582,-9.578309059143066,0.6985084414482117,-4.7646722123317886e-08,4.764671857060421e-08,-1.570796251296997
2025-07-03T21:30:06.005483,442,0.4216880798339844,-9.62830924987793,0.6985084414482117,-4.7646722123317886e-08,4.764671857060421e-08,-1.570796251296997
2025-07-03T21:30:06.208872,443,0.42113518714904785,-9.678303718566895,0.6985084414482117,-4.7646722123317886e-08,4.764671857060421e-08,-1.570796251296997
2025-07-03T21:30:06.408398,444,0.42113518714904785,-9.678303718566895,0.6985084414482117,-4.7646722123317886e-08,4.764671857060421e-08,-1.570796251296997
2025-07-03T21:30:06.608649,445,0.4205811023712158,-9.728300094604492,0.6985085606575012,-4.7646722123317886e-08,4.764671857060421e-08,-1.570796251296997
2025-07-03T21:30:06.811403,446,0.4205811023712158,-9.728300094604492,0.6985085606575012,-4.7646722123317886e-08,4.764671857060421e-08,-1.570796251296997
2025-07-03T21:30:07.029151,447,0.4200282096862793,-9.778297424316406,0.6985085606575012,-4.7646722123317886e-08,4.764671857060421e-08,-1.570796251296997
2025-07-03T21:30:07.249852,448,0.41947436332702637,-9.82829475402832,0.6985085606575012,-4.7646722123317886e-08,4.764671857060421e-08,-1.570796251296997
2025-07-03T21:30:07.476587,449,0.41892099380493164,-9.87829303741455,0.6985086798667908,-4.7646722123317886e-08,4.764671857060421e-08,-1.570796251296997
2025-07-03T21:30:07.679423,450,0.4183673858642578,-9.928287506103516,0.6985086798667908,-4.7646722123317886e-08,4.764671857060421e-08,-1.570796251296997
2025-07-03T21:30:07.898420,451,0.4178140163421631,-9.97828483581543,0.6985086798667908,-4.7646722123317886e-08,4.764671857060421e-08,-1.570796251296997
2025-07-03T21:30:08.104426,452,0.4178140163421631,-9.97828483581543,0.6985086798667908,-4.7646722123317886e-08,4.764671857060421e-08,-1.570796251296997
2025-07-03T21:30:08.320568,453,0.41726016998291016,-10.028282165527344,0.6985086798667908,-4.7646722123317886e-08,4.764671857060421e-08,-1.570796251296997
2025-07-03T21:30:08.518979,454,0.41670703887939453,-10.078279495239258,0.6985086798667908,-4.7646722123317886e-08,4.764671857060421e-08,-1.570796251296997
2025-07-03T21:30:08.734910,455,0.4161534309387207,-10.128276824951172,0.6985086798667908,-4.7646722123317886e-08,4.764671857060421e-08,-1.570796251296997
2025-07-03T21:30:08.943602,456,0.4161534309387207,-10.128276824951172,0.6985086798667908,-4.7646722123317886e-08,4.764671857060421e-08,-1.570796251296997
2025-07-03T21:30:09.163819,457,0.4156002998352051,-10.178272247314453,0.6985087990760803,-4.7646722123317886e-08,4.764671857060421e-08,-1.570796251296997
2025-07-03T21:30:09.377288,458,0.41504669189453125,-10.22826862335205,0.6985087990760803,-4.7646722123317886e-08,4.764671857060421e-08,-1.570796251296997
2025-07-03T21:30:09.593673,459,0.4144935607910156,-10.278267860412598,0.6985087990760803,-4.7646722123317886e-08,4.764671857060421e-08,-1.570796251296997
2025-07-03T21:30:09.803183,460,0.4144935607910156,-10.278267860412598,0.6985087990760803,-4.7646722123317886e-08,4.764671857060421e-08,-1.570796251296997
2025-07-03T21:30:10.029738,461,0.4139397144317627,-10.328264236450195,0.6985089182853699,-4.7646722123317886e-08,4.764671857060421e-08,-1.570796251296997
2025-07-03T21:30:10.246816,462,0.41338634490966797,-10.378260612487793,0.6985089182853699,-4.7646722123317886e-08,4.764671857060421e-08,-1.570796251296997
2025-07-03T21:30:10.455730,463,0.41283249855041504,-10.428257942199707,0.6985089182853699,-4.7646722123317886e-08,4.764671857060421e-08,-1.570796251296997
2025-07-03T21:30:10.667659,464,0.4122793674468994,-10.478254318237305,0.6985089778900146,-4.7646722123317886e-08,4.764671857060421e-08,-1.570796251296997
2025-07-03T21:30:10.873185,465,0.4117259979248047,-10.528251647949219,0.6985089778900146,-4.7646722123317886e-08,4.764671857060421e-08,-1.570796251296997
2025-07-03T21:30:11.082372,466,0.41117238998413086,-10.578248977661133,0.6985090374946594,-4.7646722123317886e-08,4.764671857060421e-08,-1.570796251296997
2025-07-03T21:30:11.296516,467,0.41061878204345703,-10.62824535369873,0.6985090374946594,-4.7646722123317886e-08,4.764671857060421e-08,-1.570796251296997
2025-07-03T21:30:11.514678,468,0.4100651741027832,-10.678241729736328,0.6985090374946594,-4.7646722123317886e-08,4.764671857060421e-08,-1.570796251296997
2025-07-03T21:30:11.728250,469,0.4095122814178467,-10.728240013122559,0.698509156703949,-4.7646722123317886e-08,4.764671857060421e-08,-1.570796251296997
2025-07-03T21:30:11.942365,470,0.40895843505859375,-10.778236389160156,0.698509156703949,-4.7646722123317886e-08,4.764671857060421e-08,-1.570796251296997
2025-07-03T21:30:12.167625,471,0.40895843505859375,-10.778236389160156,0.698509156703949,-4.7646722123317886e-08,4.764671857060421e-08,-1.570796251296997
2025-07-03T21:30:12.391116,472,0.4084053039550781,-10.828231811523438,0.698509156703949,-4.7646722123317886e-08,4.764671857060421e-08,-1.570796251296997
2025-07-03T21:30:12.608189,473,0.4078516960144043,-10.878229141235352,0.698509156703949,-4.7646722123317886e-08,4.764671857060421e-08,-1.570796251296997
2025-07-03T21:30:12.810317,474,0.40729856491088867,-10.928226470947266,0.6985092163085938,-4.7646722123317886e-08,4.764671857060421e-08,-1.570796251296997
2025-07-03T21:30:13.027606,475,0.40674495697021484,-10.97822380065918,0.6985092759132385,-4.7646722123317886e-08,4.764671857060421e-08,-1.570796251296997
2025-07-03T21:30:13.247205,476,0.40674495697021484,-10.97822380065918,0.6985092759132385,-4.7646722123317886e-08,4.764671857060421e-08,-1.570796251296997
2025-07-03T21:30:13.462474,477,0.4061887264251709,-11.028219223022461,0.6985092759132385,-4.7646722123317886e-08,4.764671857060421e-08,-1.570796251296997
2025-07-03T21:30:13.658006,478,0.40560221672058105,-11.078215599060059,0.6985093355178833,-4.7646722123317886e-08,4.764671857060421e-08,-1.570796251296997
2025-07-03T21:30:13.855928,479,0.4050159454345703,-11.128212928771973,0.6985093951225281,-4.7646722123317886e-08,4.764671857060421e-08,-1.570796251296997
2025-07-03T21:30:14.072609,480,0.4050159454345703,-11.128212928771973,0.6985093951225281,-4.7646722123317886e-08,4.764671857060421e-08,-1.570796251296997
2025-07-03T21:30:14.290441,481,0.40442895889282227,-11.17820930480957,0.6985093951225281,-4.7646722123317886e-08,4.764671857060421e-08,-1.570796251296997
2025-07-03T21:30:14.508158,482,0.4038424491882324,-11.228206634521484,0.6985093951225281,-4.7646722123317886e-08,4.764671857060421e-08,-1.570796251296997
2025-07-03T21:30:14.727716,483,0.4032557010650635,-11.278202056884766,0.6985094547271729,-4.7646722123317886e-08,4.764671857060421e-08,-1.570796251296997
2025-07-03T21:30:14.954236,484,0.40266895294189453,-11.328198432922363,0.6985094547271729,-4.7646722123317886e-08,4.764671857060421e-08,-1.570796251296997
2025-07-03T21:30:15.161775,485,0.40266895294189453,-11.328198432922363,0.6985094547271729,-4.7646722123317886e-08,4.764671857060421e-08,-1.570796251296997
2025-07-03T21:30:15.379227,486,0.4020822048187256,-11.378195762634277,0.6985095143318176,-4.7646722123317886e-08,4.764671857060421e-08,-1.570796251296997
2025-07-03T21:30:15.586489,487,0.40149593353271484,-11.428192138671875,0.6985095143318176,-4.7646722123317886e-08,4.764671857060421e-08,-1.570796251296997
2025-07-03T21:30:15.801743,488,0.40149593353271484,-11.428192138671875,0.6985095143318176,-4.7646722123317886e-08,4.764671857060421e-08,-1.570796251296997
2025-07-03T21:30:16.020949,489,0.4009089469909668,-11.478189468383789,0.6985095143318176,-4.7646722123317886e-08,4.764671857060421e-08,-1.570796251296997
2025-07-03T21:30:16.229384,490,0.4009089469909668,-11.478189468383789,0.6985095143318176,-4.7646722123317886e-08,4.764671857060421e-08,-1.570796251296997
2025-07-03T21:30:16.452000,491,0.40032243728637695,-11.52818489074707,0.6985095739364624,-4.7646722123317886e-08,4.764671857060421e-08,-1.570796251296997
2025-07-03T21:30:16.667665,492,0.3997361660003662,-11.578180313110352,0.6985096335411072,-4.7646722123317886e-08,4.764671857060421e-08,-1.570796251296997
2025-07-03T21:30:16.860164,493,0.3997361660003662,-11.578180313110352,0.6985096335411072,-4.7646722123317886e-08,4.764671857060421e-08,-1.570796251296997
2025-07-03T21:30:17.062706,494,0.39914917945861816,-11.628178596496582,0.6985096335411072,-4.7646722123317886e-08,4.764671857060421e-08,-1.570796251296997
2025-07-03T21:30:17.276837,495,0.3985626697540283,-11.67817497253418,0.6985096335411072,-4.7646722123317886e-08,4.764671857060421e-08,-1.570796251296997
2025-07-03T21:30:17.468787,496,0.3985626697540283,-11.67817497253418,0.6985096335411072,-4.7646722123317886e-08,4.764671857060421e-08,-1.570796251296997
2025-07-03T21:30:17.661135,497,0.3979759216308594,-11.728172302246094,0.698509693145752,-4.7646722123317886e-08,4.764671857060421e-08,-1.570796251296997
2025-07-03T21:30:17.866041,498,0.3979759216308594,-11.728172302246094,0.698509693145752,-4.7646722123317886e-08,4.764671857060421e-08,-1.570796251296997
2025-07-03T21:30:18.081886,499,0.3979759216308594,-11.728172302246094,0.698509693145752,-4.7646722123317886e-08,4.764671857060421e-08,-1.570796251296997
2025-07-03T21:30:18.297976,500,0.3979759216308594,-11.728172302246094,0.698509693145752,-4.7646722123317886e-08,4.764671857060421e-08,-1.570796251296997
